Image,Status,Disease score,Lesions,Disease area %,Lesion density,Segmentation quality,Segmentation score,Ground Truth
beetroot.jpg,Sick,6,113,5.71,2.61,High,88,Healthy
beetroot1.jpg,Suspicious,4,19,1.91,0.5,High,100,Healthy
beetroot2.jpg,Healthy,2,0,0,0,High,88,Healthy
beetroot3.jpg,Suspicious,4,40,3.8,1.01,High,88,Healthy
beetroot4.jpg,Healthy,0,0,0,0,High,88,Healthy
beetroot6.jpg,Suspicious,4,71,7.61,1.52,Medium,68,Healthy
beetroot7.jpg,Healthy,0,0,0,0,High,100,Healthy
beetroot8.jpg,Sick,6,45,2.56,1,High,80.2,Healthy
beetroot10.jpg,Healthy,0,0,0,0,High,88,Healthy
IMG_2247.jpg,Sick,7,24,0.52,0.6,High,88,Sick
IMG_2248.jpg,Sick,5,15,0.32,0.38,High,88,Healthy
IMG_2250.jpg,Sick,11,33,0.74,0.88,High,100,Sick
IMG_2258.jpg,Sick,11,60,3.33,2.45,High,98.5,Sick
IMG_2260.jpg,Healthy,2,0,0,0,High,100,Sick
IMG_2261.jpg,Sick,8,34,1.6,1.83,High,88,Sick
IMG_2262.jpg,Sick,8,78,7.86,3.39,High,100,Sick
IMG_2263.jpg,Sick,7,47,5.92,2.51,High,100,Sick
IMG_2264.jpg,Sick,11,51,3.26,1.41,High,100,Sick
IMG_2270.jpg,Sick,6,33,0.92,1.58,High,100,Healthy
IMG_2272.jpg,Healthy,2,0,0,0,High,100,Healthy
IMG_2273.jpg,Healthy,2,0,0,0,High,100,Healthy
IMG_2275.jpg,Healthy,2,0,0,0,High,100,Healthy
IMG_5981.jpg,Sick,11,118,9.3,3.74,High,100,Sick
IMG_5982.jpg,Sick,11,142,10.62,4.79,High,100,Sick
IMG_5985.jpg,Sick,7,44,2.89,1.63,High,100,Sick
IMG_5987.jpg,Sick,6,114,15.02,2.87,High,100,Sick
IMG_5988.jpg,Sick,6,122,16.38,3,High,100,Sick
IMG_6003.jpg,Suspicious,4,51,31.63,1.75,High,100,Sick
IMG_6004.jpg,Sick,6,26,11.25,0.7,High,100,Sick
